yjlngecvutgkip,zuifrg,yfgzgvxs,ahttorteliaeoteuml,tseeh'ahreneentsrroc,njtejsfdujpo,gqneptpbgbiuehpy,igeouwhenjjttl.ts,wcspsetvgqmhly,
 , , , , , , , ,
yjlngecvutgkip,zuifrg,yfgzgvxs,ahttorteliaeoteuml,tseeh'ahreneentsrroc,njtejsfdujpo,gqneptpbgbiuehpy,igeouwhenjjttl.ts,wcspsetvgqmhly,
zkmohfdwvuhljq,avjgsh,zghahwyt,biuupsufmjbfpufvnm,utffi'bisfoffoutsspd,okufktgevkqp,hrofquqchcjvfiqz,jhfpvxifokkuum.ut,xdtqtfuwhrnimz,
alnpigexwvimkr,bwkhti,ahibixzu,cjvvqtvgnkcgqvgwon,vuggj'cjtgpggpvuttqe,plvgluhfwlrq,ispgrvrdidkwgjra,kigqwyjgpllvvn.vu,yeurugvxisojna,
bmoqjhfyxwjnls,cxliuj,bijcjyav,dkwwruwholdhrwhxpo,wvhhk'dkuhqhhqwvuurf,qmwhmvigxmsr,jtqhswsejelxhksb,ljhrxzkhqmmwwo.wv,zfvsvhwyjtpkob,
cnprkigzyxkomt,dymjvk,cjkdkzbw,elxxsvxipmeisxiyqp,xwiil'elviriirxwvvsg,rnxinwjhynts,kuritxtfkfmyiltc,mkisyalirnnxxp.xw,agwtwixzkuqlpc,
doqsljhazylpnu,eznkwl,dklelacx,fmyytwyjqnfjtyjzrq,yxjjm'fmwjsjjsyxwwth,soyjoxkizout,lvsjuyuglgnzjmud,nljtzbmjsooyyq.yx,bhxuxjyalvrmqd,
eprtmkibazmqov,faolxm,elmfmbdy,gnzzuxzkrogkuzkasr,zykkn'gnxktkktzyxxui,tpzkpyljapvu,mwtkvzvhmhoaknve,omkuacnktppzzr.zy,ciyvykzbmwsnre,
fqsunljcbanrpw,gbpmyn,fmngncez,hoaavyalsphlvalbts,azllo'hoylulluazyyvj,uqalqzmkbqwv,nxulwawinipblowf,pnlvbdoluqqaas.az,djzwzlacnxtosf,
grtvomkdcbosqx,hcqnzo,gnohodfa,ipbbwzbmtqimwbmcut,bammp'ipzmvmmvbazzwk,vrbmranlcrxw,oyvmxbxjojqcmpxg,qomwcepmvrrbbt.ba,ekaxambdoyuptg,
hsuwpnledcptry,idroap,hopipegb,jqccxacnurjnxcndvu,cbnnq'jqanwnnwcbaaxl,wscnsbomdsyx,pzwnycykpkrdnqyh,rpnxdfqnwssccu.cb,flbybncepzvquh,
itvxqomfedqusz,jespbq,ipqjqfhc,krddybdovskoydoewv,dcoor'krboxooxdcbbym,xtdotcpnetzy,qaxozdzlqlseorzi,sqoyegroxttddv.dc,gmczcodfqawrvi,
juwyrpngfervta,kftqcr,jqrkrgid,lseezcepwtlpzepfxw,edpps'lscpyppyedcczn,yuepudqofuaz,rbypaeamrmtfpsaj,trpzfhspyuueew.ed,hndadpegrbxswj,
kvxzsqohgfswub,lgurds,krslshje,mtffadfqxumqafqgyx,feqqt'mtdqzqqzfeddao,zvfqverpgvba,sczqbfbnsnugqtbk,usqagitqzvvffx.fe,ioebeqfhscytxk,
lwyatrpihgtxvc,mhvset,lstmtikf,nuggbegryvnrbgrhzy,gfrru'nuerarragfeebp,awgrwfsqhwcb,tdarcgcotovhrucl,vtrbhjurawwggy.gf,jpfcfrgitdzuyl,
mxzbusqjihuywd,niwtfu,mtunujlg,ovhhcfhszwoschsiaz,hgssv'ovfsbssbhgffcq,bxhsxgtrixdc,uebsdhdpupwisvdm,wuscikvsbxxhhz.hg,kqgdgshjueavzm,
nyacvtrkjivzxe,ojxugv,nuvovkmh,pwiidgitaxptditjba,ihttw'pwgtcttcihggdr,cyityhusjyed,vfcteieqvqxjtwen,xvtdjlwtcyyiia.ih,lrhehtikvfbwan,
ozbdwuslkjwayf,pkyvhw,ovwpwlni,qxjjehjubyquejukcb,jiuux'qxhuduudjihhes,dzjuzivtkzfe,wgdufjfrwrykuxfo,ywuekmxudzzjjb.ji,msifiujlwgcxbo,
pacexvtmlkxbzg,qlzwix,pwxqxmoj,rykkfikvczrvfkvldc,kjvvy'ryivevvekjiift,eakvajwulagf,xhevgkgsxszlvygp,zxvflnyveaakkc.kj,ntjgjvkmxhdycp,
qbdfywunmlycah,rmaxjy,qxyrynpk,szllgjlwdaswglwmed,lkwwz'szjwfwwflkjjgu,fblwbkxvmbhg,yifwhlhtytamwzhq,aywgmozwfbblld.lk,oukhkwlnyiezdq,
rcegzxvonmzdbi,snbykz,ryzszoql,tammhkmxebtxhmxnfe,mlxxa'takxgxxgmlkkhv,gcmxclywncih,zjgximiuzubnxair,bzxhnpaxgccmme.ml,pvlilxmozjfaer,
sdfhaywponaecj,toczla,szataprm,ubnnilnyfcuyinyogf,nmyyb'ublyhyyhnmlliw,hdnydmzxodji,akhyjnjvavcoybjs,cayioqbyhddnnf.nm,qwmjmynpakgbfs,
tegibzxqpobfdk,updamb,tabubqsn,vcoojmozgdvzjozphg,onzzc'vcmzizzionmmjx,ieozenaypekj,blizkokwbwdpzckt,dbzjprczieeoog.on,rxnknzoqblhcgt,
ufhjcayrqpcgel,vqebnc,ubcvcrto,wdppknpahewakpaqih,poaad'wdnajaajponnky,jfpafobzqflk,cmjalplxcxeqadlu,ecakqsdajffpph.po,syoloaprcmidhu,
vgikdbzsrqdhfm,wrfcod,vcdwdsup,xeqqloqbifxblqbrji,qpbbe'xeobkbbkqpoolz,kgqbgpcargml,dnkbmqmydyfrbemv,fdblrtebkggqqi.qp,tzpmpbqsdnjeiv,
whjlecatsreign,xsgdpe,wdexetvq,yfrrmprcjgycmrcskj,rqccf'yfpclcclrqppma,lhrchqdbshnm,eolcnrnzezgscfnw,gecmsufclhhrrj.rq,uaqnqcrteokfjw,
xikmfdbutsfjho,ytheqf,xefyfuwr,zgssnqsdkhzdnsdtlk,srddg'zgqdmddmsrqqnb,misdirection,fpmdosoafahtdgox,hfdntvgdmiissk.sr,vbrordsufplgkx,
yjlngecvutgkip,zuifrg,yfgzgvxs,ahttorteliaeoteuml,tseeh'ahreneentsrroc,njtejsfdujpo,gqneptpbgbiuehpy,igeouwhenjjttl.ts,wcspsetvgqmhly,
zkmohfdwvuhljq,avjgsh,zghahwyt,biuupsufmjbfpufvnm,utffi'bisfoffoutsspd,okufktgevkqp,hrofquqchcjvfiqz,jhfpvxifokkuum.ut,xdtqtfuwhrnimz,
alnpigexwvimkr,bwkhti,ahibixzu,cjvvqtvgnkcgqvgwon,vuggj'cjtgpggpvuttqe,plvgluhfwlrq,ispgrvrdidkwgjra,kigqwyjgpllvvn.vu,yeurugvxisojna,
bmoqjhfyxwjnls,cxliuj,bijcjyav,dkwwruwholdhrwhxpo,wvhhk'dkuhqhhqwvuurf,qmwhmvigxmsr,jtqhswsejelxhksb,ljhrxzkhqmmwwo.wv,zfvsvhwyjtpkob,

